id,username,created_at,lng,lat,text
1524535463813554176,Jay_Hoffa_Flee,Wed May 11 23:42:33 +0000 2022,-73.9487755,40.655138,Fresh clean watered Blackberries and Strawberries chilling
1524535465864581121,Aissathebeergod,Wed May 11 23:42:34 +0000 2022,-73.8311875,40.6708795,Sometimes I want you but most times I want nothing to do with you
1524535480280395776,famousboyfriend,Wed May 11 23:42:37 +0000 2022,-73.9487755,40.655138,mister fraud
1524535482020999169,je_mclaughlin,Wed May 11 23:42:38 +0000 2022,-74.7243235,40.073040500000005,@mschlapp Poor @mercedesschlapp
1524535487217778688,GerardAraud,Wed May 11 23:42:39 +0000 2022,-73.9685415,40.780709,@AntonJo39260714 Oh my God? Really ?
1524535488304099333,Podia2Dromedary,Wed May 11 23:42:39 +0000 2022,-73.9685415,40.780709,"@Zebop Manchin, Collins, Murkowski"
1524535488895455234,heysaiii,Wed May 11 23:42:39 +0000 2022,-73.9487755,40.655138,changing your mind is not the same as quitting
1524535490069811200,awpz,Wed May 11 23:42:39 +0000 2022,-73.9685415,40.780709,@jacksonisaacson Jail
1524535511381127168,Saint___,Wed May 11 23:42:45 +0000 2022,-73.9487755,40.655138,@mixxedfellow this yo twin lol üòÇ https://t.co/cLmk1DujYx
1524535513637691394,tHEE_StAGE,Wed May 11 23:42:45 +0000 2022,-73.8494415,40.8503475,K https://t.co/7FHBtPNJVd
1524535518817619968,Monsterfreax,Wed May 11 23:42:46 +0000 2022,-73.9685415,40.780709,Neverita
1524535522886049793,losingmyego,Wed May 11 23:42:47 +0000 2022,-73.9487755,40.655138,Perpetually 45 minutes late. Guaranteed.
1524535530087927808,ashrafquraishi,Wed May 11 23:42:49 +0000 2022,-73.8311875,40.6708795,#ÿ™Ÿà€Å€åŸÜ_ŸÖÿ≥ÿ¨ÿØ_ŸÜÿ®Ÿà€å_ŸÜÿßŸÖŸÜÿ∏Ÿàÿ±
1524535532566503424,Reported_NYC,Wed May 11 23:42:50 +0000 2022,-73.9753721,40.7773215,CADILLAC Escalade ESV driver JBF2045 parked illegally near 125 Central Park West on May 11. This is in Manhattan Co‚Ä¶ https://t.co/RYhobZSgyD
1524535535863279617,THIAGAOAGUIAR,Wed May 11 23:42:50 +0000 2022,-74.020494,40.768929,"Beth Faria , Reginaldo Faria e Thiago fariaaaaaaaaa com certeza ü•≥"
1524535537385705473,CuliDon,Wed May 11 23:42:51 +0000 2022,-156.4759415,20.8749245,@arvgls https://t.co/a7yFAPYPBj
1524535537905938432,brianahh_,Wed May 11 23:42:51 +0000 2022,-74.184848,40.734494,@_nisssy mykenzie over here talking to me about a baby &amp; she like ‚Äúyou know who I‚Äôm talking about. Kevin baby.. rem‚Ä¶ https://t.co/0xg0XCk2NE
1524535541877903365,slbu_04,Wed May 11 23:42:52 +0000 2022,-74.19652450000001,40.662479,Yo dizque d√°ndole tiempo porque estaba finalizando semestre y ten√≠a mucho estr√©s y el pensando en mandarme a la mierda ¬™¬™¬™¬™ ü§ì.
1524535541898878976,becfeast,Wed May 11 23:42:52 +0000 2022,-73.9685415,40.780709,@acat_13 It‚Äôs only 395$ from Paco Rabanne‚Ä¶. Buying it
1524535546785280001,sree,Wed May 11 23:42:53 +0000 2022,-73.9685415,40.780709,@marksluckie More than OK! What‚Äôs the occasion?
1524535548928401409,tmj_AK_transp,Wed May 11 23:42:54 +0000 2022,-149.9002778,61.2180556,Organically Driven to Succeed? WE WANT YOU! Charlie's Produce is now hiring a Class B Delivery Driver in #Anchorage‚Ä¶ https://t.co/2aPm5ja9Si
1524535566091665411,javierabegazo,Wed May 11 23:42:58 +0000 2022,-73.9487755,40.655138,@HelenAngel @rim_aj ‚ÄúPolarizing issues‚Äù like these really expose the ways in which organizations are not in fact united at all.
1524535570768220160,juaneureaq,Wed May 11 23:42:59 +0000 2022,-73.8311875,40.6708795,@DLaraF Esa es una vieja periclitada. #Venezuela
1524535573691740160,sumimasorry_,Wed May 11 23:42:59 +0000 2022,-73.9685415,40.780709,any anime that takes place in hs has this hallway‚Ä¶bc it‚Äôs in japan‚Ä¶bc that‚Äôs what schools look like‚Ä¶
1524535576778743811,kellyjean512,Wed May 11 23:43:00 +0000 2022,-74.0180395,40.9329625,At least they are finally shooting #nyr
1524535580364840965,ttaylorrr_,Wed May 11 23:43:01 +0000 2022,-73.9685415,40.780709,lord have mercy on my soul
1524535587193204736,freshprnceofatx,Wed May 11 23:43:03 +0000 2022,-74.1030275,40.81686,@Iridescent_Rose Y‚Äôall still got fofofo‚Äôs?! üßê
1524535599558021128,megan4animals,Wed May 11 23:43:06 +0000 2022,-75.77004099999999,42.746617,love this dude so much üê∑ Wilbur resides at a private animal sanctuary in upstate NY. if you'd like to support them‚Ä¶ https://t.co/n7170quOAk
1524535605165703170,rahilla,Wed May 11 23:43:07 +0000 2022,-73.9685415,40.780709,@yobsyobsyobs @NinjaTVFILM @Zaptio @RTFKT @takashipom On his birthday!
1524535612249935873,letmehoswayyou,Wed May 11 23:43:09 +0000 2022,-73.8494415,40.8503475,@pearlemoji LMFAOOOOOOOOOO üíÄüíÄüíÄ
1524535622702333952,pseibs,Wed May 11 23:43:11 +0000 2022,-73.8311875,40.6708795,"at a lesbian meet up I was speaking to a girl about Harry Potter JKR and she said ""I love JKR"" and I said ""JKR is a‚Ä¶ https://t.co/IFr1tr2553"
1524535625076162560,SeanDowlingAD,Wed May 11 23:43:12 +0000 2022,-74.7243235,40.073040500000005,#WeCantPlayWithoutThem
1524535627080949763,BullpenBetty,Wed May 11 23:43:12 +0000 2022,-73.9685415,40.780709,Action over at the Mets game 5-3 in the 1st!
1524535630356692994,PetrovichBilly,Wed May 11 23:43:13 +0000 2022,-73.86085700000001,40.944567500000005,"@Flower2Day And I agree with them,thats why there are no selfies of me on here I hateüì∏,&amp;üì± with a passion"
1524535638590173184,jamescounihan1,Wed May 11 23:43:15 +0000 2022,-73.9685415,40.780709,"@Q_E_D_avid @NYPDnews @BrooklynDA Yes, we should crush the gun companies and end the main problems right at the source."
1524535638963466243,manunitedRD10,Wed May 11 23:43:15 +0000 2022,-73.9685415,40.780709,HOLY CRAP THEY DID IT #TheWho #nyr https://t.co/pCYcsaNTjn
1524535641853370368,mgms_15,Wed May 11 23:43:16 +0000 2022,-73.9685415,40.780709,"@Heartbreakhass The thing about shadows is, if you move a little, the sun will shine on you again. ü´∂üèº don‚Äôt give up‚Ä¶ https://t.co/CG7Kcyy8EZ"
1524535644462141441,PatAndriola,Wed May 11 23:43:16 +0000 2022,-75.77004099999999,42.746617,@LewsOnFirst I think the response should be more forceful and less ‚Äúwelp just vote for Dems more.‚Äù
1524535659679125506,elaine_chanel,Wed May 11 23:43:20 +0000 2022,-73.8494415,40.8503475,@Kiarah_ @Slimm_els https://t.co/BlAE8TACP4
1524535663961460736,RabbiKolakowski,Wed May 11 23:43:21 +0000 2022,-75.77004099999999,42.746617,"@HotMessConserv2 @zypldot Biden is on Putin's side.  As long as we are not energy independent, we are funding Russi‚Ä¶ https://t.co/m7C4saqVGY"
1524535665865670656,trdf53,Wed May 11 23:43:21 +0000 2022,-73.9487755,40.655138,@jesseb888 @genopets I think you need an adress in another state to open an account
1524535669380591618,theguycornernyc,Wed May 11 23:43:22 +0000 2022,-73.8311875,40.6708795,@MetsAvenue https://t.co/bNC9jE0jHF
1524535682743558144,DCHomos,Wed May 11 23:43:25 +0000 2022,-74.184848,40.734494,@RMK613 Why not
1524535684488441856,irmisssima,Wed May 11 23:43:26 +0000 2022,-73.9685415,40.780709,@marenaltman @NinjaCryptoCoin for what is worth
1524535691505553408,bcarrnjsports1,Wed May 11 23:43:28 +0000 2022,-73.993189,40.945262,#SpreadTheWord#TackleDepression #TagAFriend@RobertMaynes2 @desalvocrew @NJScom @NorthEFootball @rayteodora1
1524535693334269952,SoupInNYC27,Wed May 11 23:43:28 +0000 2022,-73.8311875,40.6708795,NYCFC have been finding all sorts of space with runs from deep in between the Rochester wingback and outside center‚Ä¶ https://t.co/SPE4CUjhHx
